<?xml version="1.0" encoding="UTF-8"?>

<mule xmlns:mulexml="http://www.mulesoft.org/schema/mule/xml"
	xmlns:http="http://www.mulesoft.org/schema/mule/http" xmlns="http://www.mulesoft.org/schema/mule/core"
	xmlns:doc="http://www.mulesoft.org/schema/mule/documentation"
	xmlns:spring="http://www.springframework.org/schema/beans" xmlns:xsi="http://www.w3.org/2001/XMLSchema-instance"
	xsi:schemaLocation="http://www.mulesoft.org/schema/mule/xml http://www.mulesoft.org/schema/mule/xml/current/mule-xml.xsd
http://www.springframework.org/schema/beans http://www.springframework.org/schema/beans/spring-beans-current.xsd
http://www.mulesoft.org/schema/mule/core http://www.mulesoft.org/schema/mule/core/current/mule.xsd
http://www.mulesoft.org/schema/mule/http http://www.mulesoft.org/schema/mule/http/current/mule-http.xsd">

	<http:listener-config name="HTTP_Listener_Configuration"
		host="0.0.0.0" port="8081" basePath="optima/middleware/mandiri"
		doc:name="HTTP Listener Configuration" />

	<http:request-config name="HTTP_Request_Configuration"
		host="192.168.77.127" port="8081" basePath="bellatrix/host/services/ws"
		doc:name="HTTP Request Configuration" />

	<mulexml:namespace-manager
		includeConfigNamespaces="true">
		<mulexml:namespace prefix="mandiri"
			uri="bankmandiri.h2h.billpayment.ws" />
	</mulexml:namespace-manager>

	<flow name="Mandiri_TopupInquiry_MiddlewareFlow">
		<http:listener config-ref="HTTP_Listener_Configuration"
			path="/inquiry" doc:name="HTTP" />
		<response>
			<message-properties-transformer>
				<add-message-property key="Content-Type" value="application/xml" />
			</message-properties-transformer>
		</response>
		<byte-array-to-string-transformer
			doc:name="Byte Array to String" />
		<logger level="INFO" message="[Topup-INQUIRY Request : #[payload]]"
			doc:name="Logger" />
		<set-variable value="#[xpath3('//mandiri:request/mandiri:billKey1')]"
			variableName="noVA" doc:name="Variable" />
		<set-variable value="#[xpath3('//mandiri:request/mandiri:billKey2')]"
			variableName="amount" doc:name="Variable" />
		<set-variable value="#[xpath3('//mandiri:request/mandiri:companyCode')]"
			variableName="bin" doc:name="Variable" />
		<set-variable value="${topup.prefix.code}" variableName="topupPrefix"
			doc:name="Variable" />
		<choice>
			<when
				expression="#[org.apache.commons.lang.StringUtils.substring(noVA,0,2) == topupPrefix]">
				<set-variable
					value="#[org.apache.commons.lang.StringUtils.substring(noVA,2)]"
					variableName="refNo" doc:name="Variable" />
				<flow-ref name="inquiryTopup" />
			</when>
			<otherwise>
				<set-variable value="#[bin]#[noVA] " variableName="refNo"
					doc:name="Variable" />
				<logger level="INFO" message="#[refNo]" />
			</otherwise>
		</choice>
		<catch-exception-strategy>
			<logger level="INFO" message="[Topup-INQUIRY Failed : #[payload]]" />
			<expression-component doc:name="Expression">
					<![CDATA[
						msg='<soapenv:Envelope xmlns:soapenv="http://schemas.xmlsoap.org/soap/envelope/" xmlns:xsd="http://www.w3.org/2001/XMLSchema" xmlns:xsi="ht tp://www.w3.org/2001/XMLSchema-instance">
							   <soapenv:Body>
							      <inquiryResponse xmlns="bankmandiri.h2h.billpayment.ws">
							         <inquiryResult>
							            <currency>360</currency>
							            <status>
							               <isError>True</isError>
							               <errorCode>01</errorCode>
							               <statusDescription>UNKNOWN_ERROR</statusDescription>
							            </status>
							         </inquiryResult>
							      </inquiryResponse>
							   </soapenv:Body>
							</soapenv:Envelope>';
						payload = msg;]]>
			</expression-component>
		</catch-exception-strategy>
	</flow>

	<flow name="Mandiri_Topup_Payment_MiddlewareFlow">
		<http:listener config-ref="HTTP_Listener_Configuration"
			path="/payment" doc:name="HTTP" />
		<response>
			<message-properties-transformer>
				<add-message-property key="Content-Type" value="application/xml" />
			</message-properties-transformer>
		</response>
		<byte-array-to-string-transformer
			doc:name="Byte Array to String" />
		<logger level="INFO" message="[Topup-PAYMENT Request : #[payload]]"
			doc:name="Logger" />
		<set-variable value="#[xpath3('//mandiri:request/mandiri:billKey1')]"
			variableName="noVA" doc:name="Variable" />
		<set-variable value="#[xpath3('//mandiri:request/mandiri:billKey2')]"
			variableName="amount" doc:name="Variable" />
		<set-variable value="#[xpath3('//mandiri:request/mandiri:companyCode')]"
			variableName="bin" doc:name="Variable" />
		<set-variable value="#[xpath3('//mandiri:request/mandiri:channelID')]"
			variableName="channelID" doc:name="Variable" />
		<set-variable value="#[xpath3('//mandiri:request/mandiri:transactionID')]"
			variableName="trxID" doc:name="Variable" />

		<set-variable value="${topup.prefix.code}" variableName="topupPrefix"
			doc:name="Variable" />
		<choice>
			<when
				expression="#[org.apache.commons.lang.StringUtils.substring(noVA,0,2) == topupPrefix]">
				<set-variable
					value="#[org.apache.commons.lang.StringUtils.substring(noVA,2)]"
					variableName="refNo" doc:name="Variable" />
				<flow-ref name="paymentTopup" />
			</when>
			<otherwise>
				<set-variable value="#[bin]#[noVA] " variableName="refNo"
					doc:name="Variable" />
				<logger level="INFO" message="#[refNo]" />
			</otherwise>
		</choice>
		<catch-exception-strategy>
			<logger level="INFO" message="[Topup PAYMENT Failed : #[payload]]" />
			<expression-component doc:name="Expression">
			<![CDATA[
				msg='<soapenv:Envelope xmlns:soapenv="http://schemas.xmlsoap.org/soap/envelope/" xmlns:xsd="http://www.w3.org/2001/XMLSchema" xmlns:xsi="ht tp://www.w3.org/2001/XMLSchema-instance">
					   <soapenv:Body>
					      <inquiryResponse xmlns="bankmandiri.h2h.billpayment.ws">
					         <inquiryResult>
					            <currency>360</currency>
					            <status>
					               <isError>True</isError>
					               <errorCode>01</errorCode>
					               <statusDescription>UNKNOWN_ERROR</statusDescription>
					            </status>
					         </inquiryResult>
					      </inquiryResponse>
					   </soapenv:Body>
					</soapenv:Envelope>';
				payload = msg;]]>
			</expression-component>
		</catch-exception-strategy>
	</flow>
</mule>
